{
    "name": "root",
    "gauges": {
        "MoveToTarget.Policy.Entropy.mean": {
            "value": 1.3229632377624512,
            "min": 1.3229632377624512,
            "max": 1.3278100490570068,
            "count": 6
        },
        "MoveToTarget.Policy.Entropy.sum": {
            "value": 66148.1640625,
            "min": 50257.609375,
            "max": 66456.1875,
            "count": 6
        },
        "MoveToTarget.Environment.EpisodeLength.mean": {
            "value": 9.875950467086682,
            "min": 9.704545454545455,
            "max": 10.395524644693076,
            "count": 6
        },
        "MoveToTarget.Environment.EpisodeLength.sum": {
            "value": 45459.0,
            "min": 34378.0,
            "max": 45514.0,
            "count": 6
        },
        "MoveToTarget.Step.mean": {
            "value": 999999.0,
            "min": 749996.0,
            "max": 999999.0,
            "count": 6
        },
        "MoveToTarget.Step.sum": {
            "value": 999999.0,
            "min": 749996.0,
            "max": 999999.0,
            "count": 6
        },
        "MoveToTarget.Policy.ExtrinsicValueEstimate.mean": {
            "value": 9.2825345993042,
            "min": 9.237004280090332,
            "max": 9.301154136657715,
            "count": 6
        },
        "MoveToTarget.Policy.ExtrinsicValueEstimate.sum": {
            "value": 42903.875,
            "min": 30757.81640625,
            "max": 43345.6640625,
            "count": 6
        },
        "MoveToTarget.Environment.CumulativeReward.mean": {
            "value": 9.494242885074952,
            "min": 9.433756805807622,
            "max": 9.509727626459144,
            "count": 6
        },
        "MoveToTarget.Environment.CumulativeReward.sum": {
            "value": 43702.0,
            "min": 31188.0,
            "max": 44238.0,
            "count": 6
        },
        "MoveToTarget.Policy.ExtrinsicReward.mean": {
            "value": 9.494242885074952,
            "min": 9.433756805807622,
            "max": 9.509727626459144,
            "count": 6
        },
        "MoveToTarget.Policy.ExtrinsicReward.sum": {
            "value": 43702.0,
            "min": 31188.0,
            "max": 44238.0,
            "count": 6
        },
        "MoveToTarget.Losses.PolicyLoss.mean": {
            "value": 0.021087020854465663,
            "min": 0.021087020854465663,
            "max": 0.026728180551435797,
            "count": 6
        },
        "MoveToTarget.Losses.PolicyLoss.sum": {
            "value": 0.10543510427232831,
            "min": 0.07560959736195703,
            "max": 0.133640902757179,
            "count": 6
        },
        "MoveToTarget.Losses.ValueLoss.mean": {
            "value": 1.1215979218482972,
            "min": 1.0350917168458302,
            "max": 1.196912817756335,
            "count": 6
        },
        "MoveToTarget.Losses.ValueLoss.sum": {
            "value": 5.6079896092414865,
            "min": 3.5302119235197704,
            "max": 5.984564088781675,
            "count": 6
        },
        "MoveToTarget.Policy.LearningRate.mean": {
            "value": 5.804962889140006e-06,
            "min": 5.804962889140006e-06,
            "max": 7.346503995213335e-05,
            "count": 6
        },
        "MoveToTarget.Policy.LearningRate.sum": {
            "value": 2.9024814445700028e-05,
            "min": 2.9024814445700028e-05,
            "max": 0.0003109637869224001,
            "count": 6
        },
        "MoveToTarget.Policy.Epsilon.mean": {
            "value": 0.10211086000000003,
            "min": 0.10211086000000003,
            "max": 0.12671453333333335,
            "count": 6
        },
        "MoveToTarget.Policy.Epsilon.sum": {
            "value": 0.5105543000000001,
            "min": 0.3801436,
            "max": 0.6130776,
            "count": 6
        },
        "MoveToTarget.Policy.Beta.mean": {
            "value": 0.00011533191400000009,
            "min": 0.00011533191400000009,
            "max": 0.0013430552133333335,
            "count": 6
        },
        "MoveToTarget.Policy.Beta.sum": {
            "value": 0.0005766595700000004,
            "min": 0.0005766595700000004,
            "max": 0.0056925722400000016,
            "count": 6
        },
        "MoveToTarget.IsTraining.mean": {
            "value": 1.0,
            "min": 1.0,
            "max": 1.0,
            "count": 6
        },
        "MoveToTarget.IsTraining.sum": {
            "value": 1.0,
            "min": 1.0,
            "max": 1.0,
            "count": 6
        }
    },
    "metadata": {
        "timer_format_version": "0.1.0",
        "start_time_seconds": "1704397952",
        "python_version": "3.9.13 (main, Oct 13 2022, 16:12:19) \n[Clang 12.0.0 ]",
        "command_line_arguments": "/Users/harshilvaghjiani/miniconda3/envs/mlAgents/bin/mlagents-learn mlAgentsConfigs/sevenLayers.yaml --run-id=Test4_2walls_7layers --resume",
        "mlagents_version": "0.30.0",
        "mlagents_envs_version": "0.30.0",
        "communication_protocol_version": "1.5.0",
        "pytorch_version": "1.11.0",
        "numpy_version": "1.21.2",
        "end_time_seconds": "1704398183"
    },
    "total": 230.34715475,
    "count": 1,
    "self": 0.003143166999990399,
    "children": {
        "run_training.setup": {
            "total": 0.011500457999999991,
            "count": 1,
            "self": 0.011500457999999991
        },
        "TrainerController.start_learning": {
            "total": 230.332511125,
            "count": 1,
            "self": 0.2706428200011146,
            "children": {
                "TrainerController._reset_env": {
                    "total": 4.57954025,
                    "count": 1,
                    "self": 4.57954025
                },
                "TrainerController.advance": {
                    "total": 225.44768197199886,
                    "count": 28549,
                    "self": 0.13757364999858623,
                    "children": {
                        "env_step": {
                            "total": 225.31010832200027,
                            "count": 28549,
                            "self": 210.05860613200008,
                            "children": {
                                "SubprocessEnvManager._take_step": {
                                    "total": 15.07588703800134,
                                    "count": 28549,
                                    "self": 0.3603476350008279,
                                    "children": {
                                        "TorchPolicy.evaluate": {
                                            "total": 14.715539403000513,
                                            "count": 11518,
                                            "self": 14.715539403000513
                                        }
                                    }
                                },
                                "workers": {
                                    "total": 0.1756151519988549,
                                    "count": 28549,
                                    "self": 0.0,
                                    "children": {
                                        "worker_root": {
                                            "total": 225.37621588399978,
                                            "count": 28549,
                                            "is_parallel": true,
                                            "self": 51.85019627899953,
                                            "children": {
                                                "steps_from_proto": {
                                                    "total": 0.0006438749999997384,
                                                    "count": 1,
                                                    "is_parallel": true,
                                                    "self": 0.0002851669999994755,