{"count":1,"self":367.9176448,"total":1186.7160939999999,"children":{"InitializeActuators":{"count":9,"self":0.00086299999999999994,"total":0.00086299999999999994,"children":null},"InitializeSensors":{"count":9,"self":0.00078199999999999993,"total":0.00078199999999999993,"children":null},"AgentSendState":{"count":555584,"self":4.974622,"total":19.797832,"children":{"CollectObservations":{"count":1000053,"self":2.3539529999999997,"total":2.3539529999999997,"children":null},"WriteActionMask":{"count":1000053,"self":0.863524,"total":0.863524,"children":null},"RequestDecision":{"count":1000053,"self":4.4480927999999995,"total":11.605732999999999,"children":{"AgentInfo.ToProto":{"count":1000053,"self":3.0621069999999997,"total":7.15764,"children":{"GenerateSensorData":{"count":1000053,"self":4.0955328,"total":4.095533,"children":null}}}}}}},"DecideAction":{"count":555584,"self":789.02077439999994,"total":789.020769,"children":null},"AgentAct":{"count":555584,"self":8.3449872,"total":8.344987,"children":null},"AgentInfo.ToProto":{"count":114291,"self":0.65208599999999994,"total":1.632792,"children":{"GenerateSensorData":{"count":114291,"self":0.980706,"total":0.980706,"children":null}}}},"gauges":{"balanceBehavior.CumulativeReward":{"count":114291,"max":17,"min":-6,"runningAverage":8.230856,"value":5,"weightedAverage":7.75977039}},"metadata":{"timer_format_version":"0.1.0","start_time_seconds":"1704493805","unity_version":"2022.3.16f1","command_line_arguments":"\/Applications\/Unity\/Hub\/Editor\/2022.3.16f1\/Unity.app\/Contents\/MacOS\/Unity -projectpath \/Users\/harshilvaghjiani\/Projects\/Unity\/basicInvertedPendulum -useHub -hubIPC -cloudEnvironment production -licensingIpc LicenseClient-harshilvaghjiani -hubSessionId e5c19e70-c4a3-42f6-92c2-1ca043c206e8 -accessToken MLEjEXt9Qnqg58ZmdWKmHfE54Kp0EIEXg7B-1WKcnLc007f","communication_protocol_version":"1.5.0","com.unity.ml-agents_version":"2.0.1","scene_name":"SampleScene","end_time_seconds":"1704494991"}}